{
    "beta_hi": 1.0022891149369337,
    "dbeta": 0.019263626467368056
}